Model,Accuracy,Precision,Recall,F1-Score,ROC-AUC
Logistic Regression,0.5857102908277405,0.1217377208623764,0.596505162827641,0.2022078621432418,0.627599581213804
Random Forest,0.8497623042505593,0.14285714285714285,0.14138204924543288,0.14211576846307386,0.6077397205433261
Decision Tree,0.8965324384787472,0.23114355231143552,0.07545671167593328,0.11377245508982035,0.5675851690747279
Random Forest (Tuned),0.9065296420581656,0.22142857142857142,0.024622716441620333,0.04431736954967834,0.6115164377235153
Gradient Boosting,0.9101649888143176,0.21739130434782608,0.007942811755361398,0.01532567049808429,0.6220279529739269
