Model,Accuracy,Precision,Recall,F1-Score,ROC-AUC
Logistic Regression,0.6522059546035177,0.16841379310344828,0.5376486129458389,0.25648566327066485,0.6411415993082243
Decision Tree,0.8546231698928958,0.2666214382632293,0.17305151915455746,0.20987983978638183,0.6261181835030325
Random Forest,0.8467623071632112,0.2417783191230207,0.17481285777190664,0.20291336570406338,0.6467021666544547
Random Forest (Tuned),0.8827748845435787,0.32628398791540786,0.047556142668428,0.0830130668716372,0.6383014006090074
Gradient Boosting,0.8846909698339392,0.32882882882882886,0.032144429766622636,0.05856397914159647,0.6600375274314269
