Model,Accuracy,Precision,Recall,F1-Score,ROC-AUC
Logistic Regression,0.5866191275167785,0.12297472456254051,0.6028594122319301,0.20427937020589423,0.6372376916100587
Decision Tree,0.8643736017897091,0.17725118483412322,0.14853057982525814,0.1616248919619706,0.5706207601170386
Random Forest,0.8461968680089486,0.1449056603773585,0.15250198570293885,0.14860681114551083,0.6198408332371813
Random Forest (Tuned),0.9057606263982103,0.2541436464088398,0.03653693407466243,0.06388888888888888,0.6221094512762232
Gradient Boosting,0.90876677852349,0.3017241379310345,0.02779984114376489,0.05090909090909091,0.6357677691110779
LightGBM,0.9117729306487695,0.2857142857142857,0.0015885623510722795,0.00315955766192733,0.6603890851336076
